-- ============================================================
-- BookTrack Test Data
-- ============================================================

-- ------------------------------------------------------------
-- GENRES (10)
-- ------------------------------------------------------------
INSERT INTO genres (id, name, created_at, updated_at) VALUES
                                                          ('a1000000-0000-0000-0000-000000000001', 'Fiction',           NOW(), NOW()),
                                                          ('a1000000-0000-0000-0000-000000000002', 'Non-Fiction',       NOW(), NOW()),
                                                          ('a1000000-0000-0000-0000-000000000003', 'Science Fiction',   NOW(), NOW()),
                                                          ('a1000000-0000-0000-0000-000000000004', 'Fantasy',           NOW(), NOW()),
                                                          ('a1000000-0000-0000-0000-000000000005', 'Mystery',           NOW(), NOW()),
                                                          ('a1000000-0000-0000-0000-000000000006', 'Horror',            NOW(), NOW()),
                                                          ('a1000000-0000-0000-0000-000000000007', 'Biography',         NOW(), NOW()),
                                                          ('a1000000-0000-0000-0000-000000000008', 'History',           NOW(), NOW()),
                                                          ('a1000000-0000-0000-0000-000000000009', 'Self Help',         NOW(), NOW()),
                                                          ('a1000000-0000-0000-0000-000000000010', 'Thriller',          NOW(), NOW());

-- ------------------------------------------------------------
-- AUTHORS (8)
-- ------------------------------------------------------------
INSERT INTO authors (id, first_name, last_name, created_at, updated_at) VALUES
                                                                            ('b1000000-0000-0000-0000-000000000001', 'George',    'Orwell',       NOW(), NOW()),
                                                                            ('b1000000-0000-0000-0000-000000000002', 'Frank',     'Herbert',      NOW(), NOW()),
                                                                            ('b1000000-0000-0000-0000-000000000003', 'J.R.R.',    'Tolkien',      NOW(), NOW()),
                                                                            ('b1000000-0000-0000-0000-000000000004', 'Agatha',    'Christie',     NOW(), NOW()),
                                                                            ('b1000000-0000-0000-0000-000000000005', 'Stephen',   'King',         NOW(), NOW()),
                                                                            ('b1000000-0000-0000-0000-000000000006', 'Isaac',     'Asimov',       NOW(), NOW()),
                                                                            ('b1000000-0000-0000-0000-000000000007', 'Ursula',    'Le Guin',      NOW(), NOW()),
                                                                            ('b1000000-0000-0000-0000-000000000008', 'Douglas',   'Adams',        NOW(), NOW());

-- ------------------------------------------------------------
-- BOOKS (15)
-- ------------------------------------------------------------
INSERT INTO books (id, title, description, pages, published_year, average_rating, created_at, updated_at) VALUES
                                                                                                              ('c1000000-0000-0000-0000-000000000001', '1984',                       'A dystopian novel set in a totalitarian society.',               328,  1949, 4.6, NOW(), NOW()),
                                                                                                              ('c1000000-0000-0000-0000-000000000002', 'Animal Farm',                'An allegorical novella reflecting on Stalinist Russia.',         112,  1945, 4.2, NOW(), NOW()),
                                                                                                              ('c1000000-0000-0000-0000-000000000003', 'Dune',                       'A science fiction epic set on the desert planet Arrakis.',      688,  1965, 4.7, NOW(), NOW()),
                                                                                                              ('c1000000-0000-0000-0000-000000000004', 'Dune Messiah',               'The sequel to Dune, following Paul Atreides.',                  336,  1969, 4.1, NOW(), NOW()),
                                                                                                              ('c1000000-0000-0000-0000-000000000005', 'The Hobbit',                 'A fantasy novel about the journey of Bilbo Baggins.',           310,  1937, 4.8, NOW(), NOW()),
                                                                                                              ('c1000000-0000-0000-0000-000000000006', 'The Lord of the Rings',      'An epic high fantasy novel set in Middle-earth.',               1178, 1954, 4.9, NOW(), NOW()),
                                                                                                              ('c1000000-0000-0000-0000-000000000007', 'Murder on the Orient Express','A classic Hercule Poirot mystery.',                            256,  1934, 4.5, NOW(), NOW()),
                                                                                                              ('c1000000-0000-0000-0000-000000000008', 'And Then There Were None',   'Ten strangers are lured to an island and murdered one by one.', 272,  1939, 4.6, NOW(), NOW()),
                                                                                                              ('c1000000-0000-0000-0000-000000000009', 'The Shining',                'A family heads to an isolated hotel for the winter.',           447,  1977, 4.4, NOW(), NOW()),
                                                                                                              ('c1000000-0000-0000-0000-000000000010', 'It',                         'A shape-shifting monster terrorizes the town of Derry.',        1138, 1986, 4.3, NOW(), NOW()),
                                                                                                              ('c1000000-0000-0000-0000-000000000011', 'Foundation',                 'The fall of a galactic empire and the birth of a new one.',     255,  1951, 4.5, NOW(), NOW()),
                                                                                                              ('c1000000-0000-0000-0000-000000000012', 'The Left Hand of Darkness',  'A lone human emissary travels to a distant planet.',            304,  1969, 4.2, NOW(), NOW()),
                                                                                                              ('c1000000-0000-0000-0000-000000000013', 'The Dispossessed',           'A physicist travels between two worlds with opposing ideals.',   387,  1974, 4.3, NOW(), NOW()),
                                                                                                              ('c1000000-0000-0000-0000-000000000014', 'The Hitchhiker''s Guide',    'An ordinary man is swept off Earth by alien friends.',          224,  1979, 4.7, NOW(), NOW()),
                                                                                                              ('c1000000-0000-0000-0000-000000000015', 'So Long and Thanks for All', 'Arthur Dent continues his intergalactic adventures.',           224,  1984, 4.1, NOW(), NOW());

-- ------------------------------------------------------------
-- BOOK_AUTHORS
-- ------------------------------------------------------------
INSERT INTO book_authors (author_id, book_id) VALUES
                                                  ('b1000000-0000-0000-0000-000000000001', 'c1000000-0000-0000-0000-000000000001'),
                                                  ('b1000000-0000-0000-0000-000000000001', 'c1000000-0000-0000-0000-000000000002'),
                                                  ('b1000000-0000-0000-0000-000000000002', 'c1000000-0000-0000-0000-000000000003'),
                                                  ('b1000000-0000-0000-0000-000000000002', 'c1000000-0000-0000-0000-000000000004'),
                                                  ('b1000000-0000-0000-0000-000000000003', 'c1000000-0000-0000-0000-000000000005'),
                                                  ('b1000000-0000-0000-0000-000000000003', 'c1000000-0000-0000-0000-000000000006'),
                                                  ('b1000000-0000-0000-0000-000000000004', 'c1000000-0000-0000-0000-000000000007'),
                                                  ('b1000000-0000-0000-0000-000000000004', 'c1000000-0000-0000-0000-000000000008'),
                                                  ('b1000000-0000-0000-0000-000000000005', 'c1000000-0000-0000-0000-000000000009'),
                                                  ('b1000000-0000-0000-0000-000000000005', 'c1000000-0000-0000-0000-000000000010'),
                                                  ('b1000000-0000-0000-0000-000000000006', 'c1000000-0000-0000-0000-000000000011'),
                                                  ('b1000000-0000-0000-0000-000000000007', 'c1000000-0000-0000-0000-000000000012'),
                                                  ('b1000000-0000-0000-0000-000000000007', 'c1000000-0000-0000-0000-000000000013'),
                                                  ('b1000000-0000-0000-0000-000000000008', 'c1000000-0000-0000-0000-000000000014'),
                                                  ('b1000000-0000-0000-0000-000000000008', 'c1000000-0000-0000-0000-000000000015');

-- ------------------------------------------------------------
-- BOOK_GENRES
-- ------------------------------------------------------------
INSERT INTO book_genres (genre_id, book_id) VALUES
                                                -- 1984 → Fiction, Science Fiction
                                                ('a1000000-0000-0000-0000-000000000001', 'c1000000-0000-0000-0000-000000000001'),
                                                ('a1000000-0000-0000-0000-000000000003', 'c1000000-0000-0000-0000-000000000001'),
                                                -- Animal Farm → Fiction
                                                ('a1000000-0000-0000-0000-000000000001', 'c1000000-0000-0000-0000-000000000002'),
                                                -- Dune → Science Fiction
                                                ('a1000000-0000-0000-0000-000000000003', 'c1000000-0000-0000-0000-000000000003'),
                                                -- Dune Messiah → Science Fiction
                                                ('a1000000-0000-0000-0000-000000000003', 'c1000000-0000-0000-0000-000000000004'),
                                                -- The Hobbit → Fantasy
                                                ('a1000000-0000-0000-0000-000000000004', 'c1000000-0000-0000-0000-000000000005'),
                                                -- Lord of the Rings → Fantasy
                                                ('a1000000-0000-0000-0000-000000000004', 'c1000000-0000-0000-0000-000000000006'),
                                                -- Murder on the Orient Express → Mystery, Thriller
                                                ('a1000000-0000-0000-0000-000000000005', 'c1000000-0000-0000-0000-000000000007'),
                                                ('a1000000-0000-0000-0000-000000000010', 'c1000000-0000-0000-0000-000000000007'),
                                                -- And Then There Were None → Mystery, Thriller
                                                ('a1000000-0000-0000-0000-000000000005', 'c1000000-0000-0000-0000-000000000008'),
                                                ('a1000000-0000-0000-0000-000000000010', 'c1000000-0000-0000-0000-000000000008'),
                                                -- The Shining → Horror
                                                ('a1000000-0000-0000-0000-000000000006', 'c1000000-0000-0000-0000-000000000009'),
                                                -- It → Horror
                                                ('a1000000-0000-0000-0000-000000000006', 'c1000000-0000-0000-0000-000000000010'),
                                                -- Foundation → Science Fiction
                                                ('a1000000-0000-0000-0000-000000000003', 'c1000000-0000-0000-0000-000000000011'),
                                                -- The Left Hand of Darkness → Science Fiction, Fiction
                                                ('a1000000-0000-0000-0000-000000000003', 'c1000000-0000-0000-0000-000000000012'),
                                                ('a1000000-0000-0000-0000-000000000001', 'c1000000-0000-0000-0000-000000000012'),
                                                -- The Dispossessed → Science Fiction
                                                ('a1000000-0000-0000-0000-000000000003', 'c1000000-0000-0000-0000-000000000013'),
                                                -- Hitchhiker's Guide → Science Fiction, Fiction
                                                ('a1000000-0000-0000-0000-000000000003', 'c1000000-0000-0000-0000-000000000014'),
                                                ('a1000000-0000-0000-0000-000000000001', 'c1000000-0000-0000-0000-000000000014'),
                                                -- So Long... → Science Fiction, Fiction
                                                ('a1000000-0000-0000-0000-000000000003', 'c1000000-0000-0000-0000-000000000015'),
                                                ('a1000000-0000-0000-0000-000000000001', 'c1000000-0000-0000-0000-000000000015');

-- ------------------------------------------------------------
-- REVIEWS (30 — 2 per book)
-- ------------------------------------------------------------
INSERT INTO reviews (id, book_id, rating, review, created_at, updated_at) VALUES
                                                                              ('d1000000-0000-0000-0000-000000000001', 'c1000000-0000-0000-0000-000000000001', 5, 'One of the most chilling and prescient novels ever written.', NOW(), NOW()),
                                                                              ('d1000000-0000-0000-0000-000000000002', 'c1000000-0000-0000-0000-000000000001', 4, 'Deeply unsettling and absolutely essential reading.', NOW(), NOW()),
                                                                              ('d1000000-0000-0000-0000-000000000003', 'c1000000-0000-0000-0000-000000000002', 4, 'A brilliant political allegory that still feels relevant today.', NOW(), NOW()),
                                                                              ('d1000000-0000-0000-0000-000000000004', 'c1000000-0000-0000-0000-000000000002', 5, 'Short but devastating. Orwell at his finest.', NOW(), NOW()),
                                                                              ('d1000000-0000-0000-0000-000000000005', 'c1000000-0000-0000-0000-000000000003', 5, 'An absolute masterpiece of world-building.', NOW(), NOW()),
                                                                              ('d1000000-0000-0000-0000-000000000006', 'c1000000-0000-0000-0000-000000000003', 5, 'Dense but rewarding. One of the greatest sci-fi novels ever.', NOW(), NOW()),
                                                                              ('d1000000-0000-0000-0000-000000000007', 'c1000000-0000-0000-0000-000000000004', 4, 'Not as good as Dune but still a worthwhile read.', NOW(), NOW()),
                                                                              ('d1000000-0000-0000-0000-000000000008', 'c1000000-0000-0000-0000-000000000004', 3, 'Felt a bit slow compared to the first book.', NOW(), NOW()),
                                                                              ('d1000000-0000-0000-0000-000000000009', 'c1000000-0000-0000-0000-000000000005', 5, 'A perfect adventure. Timeless and wonderful.', NOW(), NOW()),
                                                                              ('d1000000-0000-0000-0000-000000000010', 'c1000000-0000-0000-0000-000000000005', 5, 'Magical from start to finish. Tolkien is unmatched.', NOW(), NOW()),
                                                                              ('d1000000-0000-0000-0000-000000000011', 'c1000000-0000-0000-0000-000000000006', 5, 'The greatest fantasy novel ever written. Period.', NOW(), NOW()),
                                                                              ('d1000000-0000-0000-0000-000000000012', 'c1000000-0000-0000-0000-000000000006', 5, 'An immense achievement. Changed fantasy forever.', NOW(), NOW()),
                                                                              ('d1000000-0000-0000-0000-000000000013', 'c1000000-0000-0000-0000-000000000007', 5, 'The twist is still one of the best in mystery fiction.', NOW(), NOW()),
                                                                              ('d1000000-0000-0000-0000-000000000014', 'c1000000-0000-0000-0000-000000000007', 4, 'Christie at her most clever. Superb plotting.', NOW(), NOW()),
                                                                              ('d1000000-0000-0000-0000-000000000015', 'c1000000-0000-0000-0000-000000000008', 5, 'Impossibly tense. Could not put it down.', NOW(), NOW()),
                                                                              ('d1000000-0000-0000-0000-000000000016', 'c1000000-0000-0000-0000-000000000008', 4, 'Christie''s best work in my opinion.', NOW(), NOW()),
                                                                              ('d1000000-0000-0000-0000-000000000017', 'c1000000-0000-0000-0000-000000000009', 5, 'The scariest book I have ever read. King is a genius.', NOW(), NOW()),
                                                                              ('d1000000-0000-0000-0000-000000000018', 'c1000000-0000-0000-0000-000000000009', 4, 'Slow burn terror done to perfection.', NOW(), NOW()),
                                                                              ('d1000000-0000-0000-0000-000000000019', 'c1000000-0000-0000-0000-000000000010', 4, 'Massive but never boring. King''s magnum opus.', NOW(), NOW()),
                                                                              ('d1000000-0000-0000-0000-000000000020', 'c1000000-0000-0000-0000-000000000010', 4, 'Pennywise is the most terrifying villain in fiction.', NOW(), NOW()),
                                                                              ('d1000000-0000-0000-0000-000000000021', 'c1000000-0000-0000-0000-000000000011', 5, 'The birth of modern science fiction. Essential.', NOW(), NOW()),
                                                                              ('d1000000-0000-0000-0000-000000000022', 'c1000000-0000-0000-0000-000000000011', 4, 'Asimov''s ideas are still mind-blowing decades later.', NOW(), NOW()),
                                                                              ('d1000000-0000-0000-0000-000000000023', 'c1000000-0000-0000-0000-000000000012', 4, 'Thought-provoking exploration of gender and identity.', NOW(), NOW()),
                                                                              ('d1000000-0000-0000-0000-000000000024', 'c1000000-0000-0000-0000-000000000012', 4, 'Le Guin''s prose is beautiful and her ideas profound.', NOW(), NOW()),
                                                                              ('d1000000-0000-0000-0000-000000000025', 'c1000000-0000-0000-0000-000000000013', 4, 'A fascinating thought experiment about society and freedom.', NOW(), NOW()),
                                                                              ('d1000000-0000-0000-0000-000000000026', 'c1000000-0000-0000-0000-000000000013', 4, 'Dense and philosophical but hugely rewarding.', NOW(), NOW()),
                                                                              ('d1000000-0000-0000-0000-000000000027', 'c1000000-0000-0000-0000-000000000014', 5, 'The funniest book in the universe. Literally.', NOW(), NOW()),
                                                                              ('d1000000-0000-0000-0000-000000000028', 'c1000000-0000-0000-0000-000000000014', 5, 'Adams''s wit is unmatched. A comedy masterpiece.', NOW(), NOW()),
                                                                              ('d1000000-0000-0000-0000-000000000029', 'c1000000-0000-0000-0000-000000000015', 4, 'A worthy conclusion to the trilogy. Mostly harmless.', NOW(), NOW()),
                                                                              ('d1000000-0000-0000-0000-000000000030', 'c1000000-0000-0000-0000-000000000015', 4, 'Not as strong as the first but Adams''s humor still shines.', NOW(), NOW());

-- ------------------------------------------------------------
-- READING LIST ENTRIES (6 books being tracked)
-- ------------------------------------------------------------
INSERT INTO reading_list_entries (id, book_id, status, pages_read, started_at, finished_at, created_at, updated_at) VALUES
                                                                                                                        ('e1000000-0000-0000-0000-000000000001', 'c1000000-0000-0000-0000-000000000001', 'FINISHED',      328, '2024-01-01 09:00:00', '2024-01-15 21:00:00', NOW(), NOW()),
                                                                                                                        ('e1000000-0000-0000-0000-000000000002', 'c1000000-0000-0000-0000-000000000003', 'FINISHED',      688, '2024-02-01 09:00:00', '2024-03-01 21:00:00', NOW(), NOW()),
                                                                                                                        ('e1000000-0000-0000-0000-000000000003', 'c1000000-0000-0000-0000-000000000005', 'FINISHED',      310, '2024-03-10 09:00:00', '2024-03-25 21:00:00', NOW(), NOW()),
                                                                                                                        ('e1000000-0000-0000-0000-000000000004', 'c1000000-0000-0000-0000-000000000009', 'READING',       200, '2024-04-01 09:00:00', NULL,                  NOW(), NOW()),
                                                                                                                        ('e1000000-0000-0000-0000-000000000005', 'c1000000-0000-0000-0000-000000000011', 'READING',        80, '2024-04-10 09:00:00', NULL,                  NOW(), NOW()),
                                                                                                                        ('e1000000-0000-0000-0000-000000000006', 'c1000000-0000-0000-0000-000000000014', 'WANT_TO_READ',    0, NULL,                  NULL,                  NOW(), NOW());